-- 교회 교적 관리 시스템 - 초기 데이터

-- 관리자 계정 (비밀번호: admin123)
INSERT OR IGNORE INTO users (username, password_hash, email, name, role, phone) VALUES 
  ('admin', 'admin123', 'admin@church.com', '담임목사', 'admin', '010-1234-5678');

-- 교사(간사) 계정 (비밀번호: teacher123)
INSERT OR IGNORE INTO users (username, password_hash, email, name, role, phone) VALUES 
  ('teacher1', 'teacher123', 'teacher1@church.com', '청년부장', 'teacher', '010-2345-6789'),
  ('teacher2', 'teacher123', 'teacher2@church.com', '교육간사', 'teacher', '010-3456-7890');

-- 시스템 설정
INSERT OR IGNORE INTO settings (key, value, description) VALUES 
  ('church_name', '은혜교회', '교회 이름'),
  ('church_address', '서울시 강남구 테헤란로 123', '교회 주소'),
  ('church_phone', '02-1234-5678', '교회 연락처'),
  ('pastor_name', '김목사', '담임목사 이름'),
  ('service_times', '주일 오전 11시, 수요 저녁 7시', '예배 시간');

-- 가족 그룹 생성
INSERT OR IGNORE INTO families (id, family_name, address) VALUES 
  (1, '김씨 가정', '서울시 강남구'),
  (2, '이씨 가정', '서울시 서초구'),
  (3, '박씨 가정', '서울시 송파구');

-- 테스트 교인 데이터
INSERT OR IGNORE INTO members (
  member_number, name, name_english, birth_date, gender, phone, email, address,
  baptism_date, baptism_type, registration_date, member_status,
  family_id, family_role, current_service
) VALUES 
  -- 김씨 가정
  ('M2024001', '김철수', 'Kim Chulsoo', '1975-03-15', '남', '010-1111-1111', 'kim1@email.com', '서울시 강남구',
   '1990-05-20', '세례', '2020-01-01', 'active', 1, '부', '장로'),
  ('M2024002', '김영희', 'Kim Younghee', '1977-07-22', '여', '010-1111-2222', 'kim2@email.com', '서울시 강남구',
   '1992-03-10', '세례', '2020-01-01', 'active', 1, '모', '권사'),
  ('M2024003', '김민준', 'Kim Minjun', '2005-11-30', '남', '010-1111-3333', 'kim3@email.com', '서울시 강남구',
   '2010-12-25', '유아세례', '2020-01-01', 'active', 1, '자녀', '청년부'),
  
  -- 이씨 가정
  ('M2024004', '이동진', 'Lee Dongjin', '1980-06-10', '남', '010-2222-1111', 'lee1@email.com', '서울시 서초구',
   '1995-04-15', '세례', '2021-03-15', 'active', 2, '부', '집사'),
  ('M2024005', '이수진', 'Lee Sujin', '1982-09-25', '여', '010-2222-2222', 'lee2@email.com', '서울시 서초구',
   '1997-06-20', '세례', '2021-03-15', 'active', 2, '모', '구역장'),
  
  -- 박씨 가정
  ('M2024006', '박지훈', 'Park Jihoon', '1990-02-14', '남', '010-3333-1111', 'park1@email.com', '서울시 송파구',
   '2015-08-30', '입교', '2022-06-01', 'active', 3, '부', '청년부 회장'),
  ('M2024007', '박서연', 'Park Seoyeon', '1992-12-05', '여', '010-3333-2222', 'park2@email.com', '서울시 송파구',
   '2016-10-15', '입교', '2022-06-01', 'active', 3, '모', '성가대'),
  
  -- 단독 교인
  ('M2024008', '정민호', 'Jung Minho', '1988-04-20', '남', '010-4444-1111', 'jung@email.com', '서울시 강남구',
   '2010-07-11', '세례', '2023-01-10', 'active', NULL, NULL, '안내위원'),
  ('M2024009', '최은지', 'Choi Eunji', '1995-08-17', '여', '010-5555-1111', 'choi@email.com', '서울시 서초구',
   '2018-12-24', '입교', '2023-05-20', 'active', NULL, NULL, '유치부 교사'),
  ('M2024010', '강태양', 'Kang Taeyang', '2000-01-01', '남', '010-6666-1111', 'kang@email.com', '서울시 송파구',
   NULL, '미정', '2024-02-15', 'active', NULL, NULL, '새신자');

-- 구역/소그룹 생성
INSERT OR IGNORE INTO groups (name, group_type, leader_member_id, meeting_day, meeting_time, meeting_place) VALUES 
  ('1구역', '구역', 1, '화요일', '오후 7시', '김철수 집사님 댁'),
  ('2구역', '구역', 4, '수요일', '오후 7시 30분', '이동진 집사님 댁'),
  ('청년부', '소그룹', 6, '토요일', '오후 2시', '교회 소예배실');

-- 구역 회원 배정
INSERT OR IGNORE INTO group_members (group_id, member_id, role, joined_date) VALUES 
  -- 1구역 (김씨, 정씨)
  (1, 1, '리더', '2020-01-01'),
  (1, 2, '회원', '2020-01-01'),
  (1, 3, '회원', '2020-01-01'),
  (1, 8, '회원', '2023-01-10'),
  
  -- 2구역 (이씨, 최씨)
  (2, 4, '리더', '2021-03-15'),
  (2, 5, '회원', '2021-03-15'),
  (2, 9, '회원', '2023-05-20'),
  
  -- 청년부 (박씨, 강씨)
  (3, 6, '리더', '2022-06-01'),
  (3, 7, '부리더', '2022-06-01'),
  (3, 10, '회원', '2024-02-15');

-- 최근 출석 기록 (예시)
INSERT OR IGNORE INTO attendance (member_id, attendance_date, service_type, status) VALUES 
  -- 2024년 11월 17일 주일예배
  (1, '2024-11-17', '주일예배', '출석'),
  (2, '2024-11-17', '주일예배', '출석'),
  (3, '2024-11-17', '주일예배', '출석'),
  (4, '2024-11-17', '주일예배', '출석'),
  (5, '2024-11-17', '주일예배', '출석'),
  (6, '2024-11-17', '주일예배', '출석'),
  (7, '2024-11-17', '주일예배', '출석'),
  (8, '2024-11-17', '주일예배', '결석'),
  (9, '2024-11-17', '주일예배', '출석'),
  (10, '2024-11-17', '주일예배', '출석'),
  
  -- 2024년 11월 20일 수요예배
  (1, '2024-11-20', '수요예배', '출석'),
  (2, '2024-11-20', '수요예배', '출석'),
  (4, '2024-11-20', '수요예배', '출석'),
  (5, '2024-11-20', '수요예배', '출석'),
  (6, '2024-11-20', '수요예배', '출석');

-- 봉사 기록
INSERT OR IGNORE INTO services (member_id, service_name, service_type, start_date, is_current) VALUES 
  (1, '장로', '행정', '2020-01-01', 1),
  (2, '권사', '행정', '2020-01-01', 1),
  (3, '청년부 부회장', '교육', '2023-03-01', 1),
  (4, '집사', '행정', '2021-03-15', 1),
  (5, '1구역 구역장', '행정', '2021-03-15', 1),
  (6, '청년부 회장', '교육', '2022-06-01', 1),
  (7, '성가대', '예배', '2022-06-01', 1),
  (8, '안내위원', '예배', '2023-01-10', 1),
  (9, '유치부 교사', '교육', '2023-05-20', 1);

-- 헌금 기록 예시
INSERT OR IGNORE INTO donations (member_id, donation_date, donation_type, amount) VALUES 
  (1, '2024-11-01', '십일조', 500000),
  (1, '2024-11-01', '감사', 100000),
  (2, '2024-11-01', '십일조', 300000),
  (4, '2024-11-01', '십일조', 400000),
  (5, '2024-11-01', '십일조', 200000),
  (6, '2024-11-01', '십일조', 300000),
  (7, '2024-11-01', '십일조', 200000);
